Date,Open,High,Low,Close,Volume
2022-01-03 00:00:00-05:00,174.96394419959245,179.9325571617345,174.84588302447216,179.07656860351562,104487900
2022-01-04 00:00:00-05:00,179.68658798247785,179.99158936284988,176.23314845059463,176.80380249023438,99310400
2022-01-05 00:00:00-05:00,176.71527555574892,177.26624778747964,171.82537447983776,172.10086059570312,94537600
2022-01-06 00:00:00-05:00,169.91666645266596,172.4747693922877,168.87375241220892,169.2279510498047,96904000
2022-01-07 00:00:00-05:00,170.10359988349114,171.33345412957252,168.2735761648073,169.39520263671875,86709100
2022-01-10 00:00:00-05:00,166.35497850794255,169.71985735659894,165.45964116459655,169.41485595703125,106765600
2022-01-11 00:00:00-05:00,169.5427580708883,172.3566495746992,168.06693328968436,172.25827026367188,76138300
2022-01-12 00:00:00-05:00,173.28150678006202,174.32442058444914,172.00247061263863,172.70101928710938,74805200
2022-01-13 00:00:00-05:00,172.94699315342262,173.7734514644189,169.02129365689015,169.41485595703125,84505800
2022-01-14 00:00:00-05:00,168.57855655164568,170.97923414208748,168.3325857331638,170.2806854248047,80440800
2022-01-18 00:00:00-05:00,168.74580160961233,169.7592001008731,166.67965590489592,167.06336975097656,90956700
2022-01-19 00:00:00-05:00,167.26019407476502,168.32279005043156,163.26562948892115,163.5509490966797,94815000
2022-01-20 00:00:00-05:00,164.28882013685183,166.94530189723943,161.53394404676334,161.85862731933594,91420500
2022-01-21 00:00:00-05:00,161.77011127001666,163.6493322187244,159.68428320884053,159.79251098632812,122848900
2022-01-24 00:00:00-05:00,157.44097853613158,159.68423081265624,152.20671321566417,159.0151824951172,162294600
2022-01-25 00:00:00-05:00,156.4177548992897,160.13683238368577,154.48935213627462,157.20486450195312,115798400
2022-01-26 00:00:00-05:00,160.86491050929132,161.74056599656424,155.2764608855422,157.11631774902344,108275300
2022-01-27 00:00:00-05:00,159.83180786357846,161.19940478294046,155.7290171054925,156.65386962890625,121954600
2022-01-28 00:00:00-05:00,163.03931781732004,167.60453599673465,160.1762136431983,167.58485412597656,179935700
2022-01-31 00:00:00-05:00,167.41759838559184,172.17959030875696,166.77806518529516,171.963134765625,115541600
2022-02-01 00:00:00-05:00,171.20553191997683,172.0221568809913,169.53293327062335,171.79586791992188,86213900
2022-02-02 00:00:00-05:00,171.93359808137038,173.04539095891812,170.53648566674534,173.0060272216797,84914300
2022-02-03 00:00:00-05:00,171.66794061482483,173.39958469623934,169.34597560709165,170.1134033203125,89418100
2022-02-04 00:00:00-05:00,169.1282897421516,171.51233418324563,168.14315287730125,169.82774353027344,82465400
2022-02-07 00:00:00-05:00,170.29074266054957,171.3645381321525,168.40912782220335,169.10858154296875,77251200
2022-02-08 00:00:00-05:00,169.17753061992778,172.74373589252258,168.88198658721637,172.23146057128906,74829200
2022-02-09 00:00:00-05:00,173.43335009555227,174.02442320219117,172.30043366850177,173.65992736816406,71285000
2022-02-10 00:00:00-05:00,171.5517329947236,172.8718127855668,169.00023212316947,169.56175231933594,90865900
2022-02-11 00:00:00-05:00,169.76859462390195,170.5074470849653,165.54235012870416,166.13343811035156,98670700
2022-02-14 00:00:00-05:00,164.88233741200816,167.059496301351,164.08437902845532,166.36990356445312,86185500
2022-02-15 00:00:00-05:00,168.42886038041834,170.3794272726593,167.7195605956041,170.2218017578125,62527400
2022-02-16 00:00:00-05:00,169.2957588343913,170.7636029916525,167.5225096535446,169.9853515625,61177400
2022-02-17 00:00:00-05:00,168.4879416203525,169.35486679359227,165.96599387855787,166.36990356445312,69589300
2022-02-18 00:00:00-05:00,167.29594937351246,168.0052340857905,163.71989774879913,164.8134002685547,82772700
2022-02-22 00:00:00-05:00,162.52786440797053,164.2124549433413,159.73992547123078,161.877685546875,91162800
2022-02-23 00:00:00-05:00,163.07954147336417,163.68047553080768,157.37560593795362,157.69085693359375,90009200
2022-02-24 00:00:00-05:00,150.31218788079974,160.4295479097244,149.7408066830381,160.32118225097656,141147500
2022-02-25 00:00:00-05:00,161.40479781703053,162.66577162560156,158.4789405339572,162.39979553222656,91974200
2022-02-28 00:00:00-05:00,160.6364073011417,162.96133079526325,160.0157662949329,162.66578674316406,95056600
2022-03-01 00:00:00-05:00,162.2520277075245,164.12379664388249,159.56260845656183,160.77432250976562,83474400
2022-03-02 00:00:00-05:00,161.94662101610797,164.8724782087133,160.52802176733047,164.08436584472656,79724800
2022-03-03 00:00:00-05:00,165.9660199986933,166.39948265353257,163.08942196348315,163.75930786132812,76678400
2022-03-04 00:00:00-05:00,162.04515399744983,163.0893965768349,159.6906776997061,160.74476623535156,83737200
2022-03-07 00:00:00-05:00,160.93194979420673,162.56728050558442,156.67615156199417,156.9322967529297,96418800
2022-03-08 00:00:00-05:00,156.4594387052954,160.4590918337938,153.4843212668971,155.09994506835938,131148300
2022-03-09 00:00:00-05:00,159.07990841281742,160.98123051828424,157.04068276941686,160.52806091308594,91454900
2022-03-10 00:00:00-05:00,157.81891731398164,158.00609571698396,153.66163868475533,156.1638946533203,105342000
2022-03-11 00:00:00-05:00,156.5677776744671,156.9125815524345,152.20362905353198,152.43020629882812,96970100
2022-03-14 00:00:00-04:00,149.1989825809233,151.82929633679421,147.86905676655965,148.38131713867188,108732100
2022-03-15 00:00:00-04:00,148.65714063785396,153.2577428312749,148.14488031272373,152.7848663330078,92964300
2022-03-16 00:00:00-04:00,154.71571603139446,157.62186618274023,152.16421568023958,157.21795654296875,102300200
2022-03-17 00:00:00-04:00,156.25253141620664,158.60700751026562,155.28710166640653,158.23265075683594,75615400
2022-03-18 00:00:00-04:00,158.12431372385774,162.03530830357425,157.38546107074248,161.54273986816406,123511700
2022-03-21 00:00:00-04:00,161.07968974301923,163.8774892796134,160.58712141339248,162.92190551757812,95811400
2022-03-22 00:00:00-04:00,163.05000571125407,166.9018946641694,162.4589325802878,166.31082153320312,81532000
2022-03-23 00:00:00-04:00,165.49314031396403,170.07402052830085,165.15818236981434,167.68014526367188,98062700
2022-03-24 00:00:00-04:00,168.51750138963553,171.55172458765148,167.680144114985,171.48277282714844,90131400
2022-03-25 00:00:00-04:00,171.29558139631104,172.6747668214046,170.18237206834664,172.1230926513672,80546200
2022-03-28 00:00:00-04:00,169.61100881544317,173.11809357884718,169.4435373556172,172.9900360107422,90371900
2022-03-29 00:00:00-04:00,174.0638297800986,176.34933942064572,173.71902587505284,176.3000946044922,100589400
2022-03-30 00:00:00-04:00,175.89616729266174,176.94040982813888,174.07365831750312,175.1277618408203,92633200
2022-03-31 00:00:00-04:00,175.196727695979,175.38390609608072,171.80785464486016,172.01473999023438,103049300
2022-04-01 00:00:00-04:00,171.4433554045636,172.28072769395772,169.38442310861137,171.7191925048828,78751300
2022-04-04 00:00:00-04:00,171.97532178293372,175.8370558621495,171.847249201064,175.7877960205078,76468400
2022-04-05 00:00:00-04:00,174.86178989450815,175.6499023764881,171.8275666096823,172.4580535888672,73401800
2022-04-06 00:00:00-04:00,169.79818332507708,171.0493112985937,167.60133241989047,169.27606201171875,89058800
2022-04-07 00:00:00-04:00,168.61600637046422,170.7833041707851,167.32547965885468,169.58143615722656,77594700
2022-04-08 00:00:00-04:00,169.22678840700246,169.22678840700246,166.68513380776986,167.56190490722656,76575500
2022-04-11 00:00:00-04:00,166.2024342381658,166.51767019391744,163.04013853231345,163.2864227294922,72246700
2022-04-12 00:00:00-04:00,165.52267961358555,167.34517356724112,164.1631860992743,165.16802978515625,79265200
2022-04-13 00:00:00-04:00,164.9020531279272,168.4977965392979,164.2912731044712,167.8673095703125,70618900
2022-04-14 00:00:00-04:00,168.08403280084593,168.72438072783297,162.586967757821,162.833251953125,75329400
2022-04-18 00:00:00-04:00,161.48359993207802,164.12377400452343,161.13881111935814,162.61651611328125,69023900
2022-04-19 00:00:00-04:00,162.56726532731986,165.32565114265935,161.47376296963859,164.91188049316406,67723800
2022-04-20 00:00:00-04:00,166.25170411215385,166.36993076637688,163.63125128349097,164.74444580078125,67929800
2022-04-21 00:00:00-04:00,166.39945283983835,168.98050632684885,163.44404257581323,163.9464569091797,87227800
2022-04-22 00:00:00-04:00,163.98587104446065,165.37490244633076,159.09958611983004,159.38526916503906,84882400
2022-04-25 00:00:00-04:00,158.72524075058578,160.74477425226587,156.10478821517142,160.45909118652344,96046400
2022-04-26 00:00:00-04:00,159.83842862210122,159.9270873168943,154.3906239061385,154.4694366455078,95623200
2022-04-27 00:00:00-04:00,153.59269545207738,157.4150163467095,153.07057410523336,154.24288940429688,88063200
2022-04-28 00:00:00-04:00,156.88302915217585,162.07470409037728,156.5677781733732,161.20777893066406,130216800
2022-04-29 00:00:00-04:00,159.43453401469895,163.7297310076839,154.91275976964212,155.3068084716797,131747600
2022-05-02 00:00:00-04:00,154.3808224298961,155.87821981335435,150.99194882060058,155.61224365234375,123055300
2022-05-03 00:00:00-04:00,155.79937020716176,158.32133290120754,153.996583191987,157.10960388183594,88966500
2022-05-04 00:00:00-04:00,157.29678931665225,164.0055684455129,156.89287962543,163.5524139404297,108256500
2022-05-05 00:00:00-04:00,161.41466576478126,161.64124301290533,152.64693949326463,154.4398956298828,130525300
2022-05-06 00:00:00-04:00,153.91700145474738,157.30099321709514,152.1115504938457,155.1699676513672,116124600
2022-05-09 00:00:00-04:00,152.851465265273,153.73939997539458,149.4576286538098,150.0199737548828,131577900
2022-05-10 00:00:00-04:00,153.4335782017059,154.6372121237767,150.87831369588534,152.43711853027344,115366700
2022-05-11 00:00:00-04:00,151.4406653915249,153.36450145245806,143.8538309512056,144.53457641601562,142689800
2022-05-12 00:00:00-04:00,140.8546349911873,144.23861168034963,136.9378943865604,140.64744567871094,182602000
2022-05-13 00:00:00-04:00,142.65021698133427,146.11313742780084,141.19007646669226,145.13641357421875,113990900
2022-05-16 00:00:00-04:00,143.59735411573675,145.54092647551983,142.24572332922702,143.5874786376953,86643800
2022-05-17 00:00:00-04:00,146.86291669324274,147.7607118798002,144.71215542512041,147.23782348632812,78336300
2022-05-18 00:00:00-04:00,144.87990321822826,145.38305576655117,138.02313063348345,138.93080139160156,109742900
2022-05-19 00:00:00-04:00,138.00338064120726,139.75949903200933,134.76738618709481,135.50732421875,136095600
2022-05-20 00:00:00-04:00,137.2240017632513,138.81240303157122,130.8309399431796,135.74412536621094,137426100
2022-05-23 00:00:00-04:00,135.94144307204655,141.33806035762905,135.80332187322705,141.19007873535156,117726300
2022-05-24 00:00:00-04:00,138.92093441641646,140.06537583009975,135.48762522944844,138.4769744873047,104132700
2022-05-25 00:00:00-04:00,136.5728691143285,139.88779324826507,136.48408013270736,138.6348419189453,92482700
2022-05-26 00:00:00-04:00,135.5468018208196,142.40355895877516,135.30015577230265,141.85107421875,90601500
2022-05-27 00:00:00-04:00,143.43947862792666,147.67191829271428,143.31121786248204,147.63246154785156,90978500
2022-05-31 00:00:00-04:00,147.07011062465787,148.6387758545306,144.87001706901614,146.8431854248047,103718400
2022-06-01 00:00:00-04:00,147.8889577936666,149.7042840674564,145.6987397803345,146.71493530273438,74286600
2022-06-02 00:00:00-04:00,145.84676706343666,149.24061965462317,144.8897790343841,149.18142700195312,72348100
2022-06-03 00:00:00-04:00,144.92923913959484,145.98489165025524,142.5219859021559,143.4296417236328,88570300
2022-06-06 00:00:00-04:00,145.05744146479879,146.5767892252216,142.95601276879438,144.17938232421875,71598400
2022-06-07 00:00:00-04:00,142.41342781441574,147.00103808191767,142.16678177736554,146.71493530273438,67808200
2022-06-08 00:00:00-04:00,146.5866681727105,147.85935504475933,145.48169879207404,145.97499084472656,53950200
2022-06-09 00:00:00-04:00,145.10681595338983,145.96513944929978,140.61785452288095,140.72637939453125,69473000
2022-06-10 00:00:00-04:00,138.398032723083,138.87158893198634,135.22123034078209,135.29029846191406,91437900
2022-06-13 00:00:00-04:00,131.08745715836656,133.3862004896801,129.67664877037856,130.11074829101562,122207100
2022-06-14 00:00:00-04:00,131.34398934519743,132.09378808888513,129.71611601115467,130.97894287109375,84784300
2022-06-15 00:00:00-04:00,132.48839269838643,135.49747768055312,130.38697847648072,133.61309814453125,91533000
2022-06-16 00:00:00-04:00,130.30802859137827,130.61386725104276,127.30880452340455,128.31512451171875,108123900
2022-06-17 00:00:00-04:00,128.32502770748565,131.29464104445037,128.06850615371286,129.79502868652344,134520300
2022-06-21 00:00:00-04:00,131.63006706526505,135.2212330849965,131.53141767403508,134.0471954345703,81000500
2022-06-22 00:00:00-04:00,132.98166468533162,135.9118206770168,132.11348091103585,133.53416442871094,73409200
2022-06-23 00:00:00-04:00,134.98447949114987,136.73072297109198,133.81044169296604,136.41502380371094,72433800
2022-06-24 00:00:00-04:00,138.0231085873177,140.00615224883282,137.89486289200275,139.75950622558594,89116800
2022-06-27 00:00:00-04:00,140.78554705849837,141.56495692224246,139.07876079277202,139.75950622558594,70207900
2022-06-28 00:00:00-04:00,140.22322830416132,141.49591539948213,135.47776033378267,135.5961456298828,67083400
2022-06-29 00:00:00-04:00,135.6158632251475,138.78278990100551,134.83645332014265,137.3621063232422,66242400
2022-06-30 00:00:00-04:00,135.40867636590826,136.5136458111151,131.97536769395867,134.8857879638672,98964500
2022-07-01 00:00:00-04:00,134.21491888238126,137.17467172359363,133.84002709260307,137.06614685058594,71051600
2022-07-05 00:00:00-04:00,135.92169577740663,139.71017511136174,135.09295369166503,139.6608428955078,73353800
2022-07-06 00:00:00-04:00,139.4536950090296,142.1865226454718,139.18731303635866,141.00262451171875,74064300
2022-07-07 00:00:00-04:00,141.36765146861703,144.5839257789304,141.3577910455227,144.38661193847656,66253700
2022-07-08 00:00:00-04:00,143.31121832945087,145.57050462277482,143.05471185180627,145.0673370361328,64547800
2022-07-11 00:00:00-04:00,143.71572303183265,144.67271093962017,141.85107943859236,142.92645263671875,63141600
2022-07-12 00:00:00-04:00,143.80448803759117,146.45840158372647,143.10402178103004,143.9031524658203,77588800
2022-07-13 00:00:00-04:00,141.07167136789155,144.48524405643747,140.21333293071814,143.5381317138672,71185600
2022-07-14 00:00:00-04:00,142.14704561371514,146.951705589172,141.32817896574866,146.4781494140625,78140700
2022-07-15 00:00:00-04:00,147.77059770899402,148.83611057721697,146.2117926825613,148.15536499023438,76259900
2022-07-18 00:00:00-04:00,148.71773241301017,149.53659924142286,144.7319231531239,145.0969696044922,81420900
2022-07-19 00:00:00-04:00,145.93553153568237,149.20112279497567,144.93908692354225,148.97421264648438,82982400
2022-07-20 00:00:00-04:00,149.09259190386942,151.65771671503967,148.35265379150255,150.98683166503906,64823400
2022-07-21 00:00:00-04:00,152.42725133184126,153.48290359938562,149.9015983138952,153.26585388183594,65086600
2022-07-22 00:00:00-04:00,153.30531328387983,154.18337259135419,151.35188084612065,152.0227508544922,66675400
2022-07-25 00:00:00-04:00,151.94383291278464,152.9600134725139,150.23704639800843,150.89805603027344,53623900
2022-07-26 00:00:00-04:00,150.21731152791162,151.03617825668115,148.77690696237937,149.56617736816406,55138700
2022-07-27 00:00:00-04:00,150.53302741359812,155.21930262420085,150.11866383304508,154.68653869628906,78620700
2022-07-28 00:00:00-04:00,154.87399776505708,155.52514701000848,152.33848396565298,155.23904418945312,81378700
2022-07-29 00:00:00-04:00,159.0768371497888,161.4347727162901,157.36017527279864,160.3297882080078,101786900
2022-08-01 00:00:00-04:00,158.8499238200317,161.39531297785308,158.73153852797333,159.3432159423828,67829400
2022-08-02 00:00:00-04:00,157.9521463098053,160.23115354553508,157.48845050250915,157.86334228515625,59907000
2022-08-03 00:00:00-04:00,158.6822060411045,164.3550654387107,158.59341707220835,163.9012451171875,82507500
2022-08-04 00:00:00-04:00,163.78285462114704,164.94703192609583,162.22404961687292,163.58554077148438,55474100
2022-08-05 00:00:00-04:00,161.2440845435306,163.85228420818493,161.0366074346982,163.35830688476562,56697000
2022-08-08 00:00:00-04:00,164.36599556286393,165.78865254333672,162.2221359735368,162.88406372070312,60276900
2022-08-09 00:00:00-04:00,162.04433374052826,163.82265521141719,161.28360440228838,162.93348693847656,63135500
2022-08-10 00:00:00-04:00,165.6602246517888,167.30023295092772,164.8896212485773,167.20144653320312,70170500
2022-08-11 00:00:00-04:00,168.01159145626642,168.93039726243654,166.1641207978838,166.46051025390625,57149200
2022-08-12 00:00:00-04:00,167.77444245778292,170.09612651590547,167.35948829676713,170.0269775390625,68039400
2022-08-15 00:00:00-04:00,169.45398413673462,171.30145449022353,169.2860336568712,171.10386657714844,54091700
2022-08-16 00:00:00-04:00,170.6988121058942,171.61761781721378,169.59230766429783,170.94580078125,56377100
2022-08-17 00:00:00-04:00,170.68892125785695,174.0281975704134,170.49133335193497,172.44747924804688,79542000
2022-08-18 00:00:00-04:00,171.65714649769816,172.79328848768537,171.03473014970848,172.0523223876953,62290100
2022-08-19 00:00:00-04:00,170.94580092437732,171.6472553959717,169.24651763050733,169.45399475097656,70346300
2022-08-22 00:00:00-04:00,167.6460183748566,167.81396884774634,165.1267311315286,165.5515594482422,69026800
2022-08-23 00:00:00-04:00,165.06745005270514,166.67782081300345,164.6426217519865,165.21563720703125,54147100
2022-08-24 00:00:00-04:00,165.30456191306502,166.08503937159992,164.24744331259177,165.51202392578125,53841500
2022-08-25 00:00:00-04:00,166.74699023963788,168.09060921191156,166.3221769618195,167.98193359375,51218200
2022-08-26 00:00:00-04:00,168.51543646848708,168.98965049238348,161.58986453568383,161.64913940429688,78961000
2022-08-29 00:00:00-04:00,159.20885581074126,160.93777612238438,157.8948896398826,159.43609619140625,73314000
2022-08-30 00:00:00-04:00,160.17706423235376,160.6018774216079,155.82018136936253,156.995849609375,77906200
2022-08-31 00:00:00-04:00,158.37900919271698,158.6457611720159,155.24719472832723,155.32623291015625,87991100
2022-09-01 00:00:00-04:00,154.75318959949817,156.51174737307286,152.80691806217294,156.0572967529297,74229900
2022-09-02 00:00:00-04:00,157.825740385719,158.42839326812575,153.10331881210172,153.93319702148438,76957800
2022-09-06 00:00:00-04:00,154.58524378549583,155.19777075928334,151.83873144659182,152.66860961914062,73714800
2022-09-07 00:00:00-04:00,152.95515314889423,154.78286029004315,151.75972133468971,154.0814208984375,87449600
2022-09-08 00:00:00-04:00,152.77731191202227,154.47659517651775,150.84091409608828,152.5994873046875,84923800
2022-09-09 00:00:00-04:00,153.5973183700772,155.9190179443951,152.88598978028585,155.47442626953125,68028800
2022-09-12 00:00:00-04:00,157.66768343592295,162.2814299729469,157.38118321231417,161.46142578125,104956000
2022-09-13 00:00:00-04:00,157.97394119387377,158.60623156162632,151.52259858891705,151.9869384765625,122656600
2022-09-14 00:00:00-04:00,152.9254836377698,155.20767139298664,151.75970446301844,153.43922424316406,87965400
2022-09-15 00:00:00-04:00,152.78717273127475,153.37007740177668,149.55657204599007,150.53463745117188,90481100
2022-09-16 00:00:00-04:00,149.38863215425823,149.52694520493873,146.58282943689548,148.884765625,162278800
2022-09-19 00:00:00-04:00,147.51150837706584,152.6982703598037,147.30404633975175,152.61923217773438,81474200
2022-09-20 00:00:00-04:00,151.55222969875626,156.17586506845922,151.23609206556637,155.01007080078125,107689800
2022-09-21 00:00:00-04:00,155.44478402258142,156.8279296043556,151.749843208038,151.86839294433594,101696800
2022-09-22 00:00:00-04:00,150.5445279988441,152.60934951167334,149.0922335190095,150.9001922607422,86652500
2022-09-23 00:00:00-04:00,149.3688666601967,149.64549275752094,146.77054109426695,148.61801147460938,96029900
2022-09-26 00:00:00-04:00,147.85730340041596,151.91779780340053,147.8375400855009,148.9539337158203,93339400
2022-09-27 00:00:00-04:00,150.90019798375215,152.85634396088452,148.14379608075552,149.93199157714844,84442700
2022-09-28 00:00:00-04:00,145.8616134152087,148.82547715169355,143.09533757949137,148.0351104736328,146691400
2022-09-29 00:00:00-04:00,144.34018488168724,144.9527119597298,138.9854572462475,140.76377868652344,128138200
2022-09-30 00:00:00-04:00,139.5782417035492,141.37632653082102,136.3377514263711,136.53533935546875,124925300
2022-10-03 00:00:00-04:00,136.54521297049774,141.34667296717555,136.03147235346887,140.734130859375,114311700
2022-10-04 00:00:00-04:00,143.28304559179628,144.45871390525903,142.5223163757339,144.3401641845703,87830100
2022-10-05 00:00:00-04:00,142.33461487977314,145.60474192776582,141.28737042596904,144.63653564453125,79471000
2022-10-06 00:00:00-04:00,144.05366550708558,145.7628228353645,143.47077587995457,143.67823791503906,68402200
2022-10-07 00:00:00-04:00,140.82304314688486,141.37631039018268,137.77026702712604,138.40255737304688,85925600
2022-10-10 00:00:00-04:00,138.7285919189453,140.18088647902582,136.90088483805593,138.7285919189453,74899000
2022-10-11 00:00:00-04:00,138.21487058713166,139.64741710813348,136.55511375796235,137.3059539794922,77033700
2022-10-12 00:00:00-04:00,137.45413764848382,138.66931766793832,136.49582041546117,136.67364501953125,70433700
2022-10-13 00:00:00-04:00,133.36401645869927,141.86041822096794,132.7514742657849,141.2676544189453,113224000
2022-10-14 00:00:00-04:00,142.5717289499613,142.77920605337536,136.52545149320736,136.71316528320312,88598000
2022-10-17 00:00:00-04:00,139.37078535171585,141.1787292981111,138.5804185280224,140.69464111328125,85250900
2022-10-18 00:00:00-04:00,143.73750943727143,144.93292597192462,138.91628652563887,142.01846313476562,99136600
2022-10-19 00:00:00-04:00,139.9833068127477,143.20403377580215,139.79559300378267,142.12716674804688,61758300
2022-10-20 00:00:00-04:00,141.29725767726333,144.13268228565022,140.93170425902946,141.6627960205078,64522000
2022-10-21 00:00:00-04:00,141.14906919641035,146.06909396950246,140.93171797792078,145.49607849121094,86548600
2022-10-24 00:00:00-04:00,145.41703883961424,148.42041416694138,144.241370462884,147.64981079101562,75981900
2022-10-25 00:00:00-04:00,148.28210696285174,150.65320712247134,147.56090430315092,150.5050048828125,74732300
2022-10-26 00:00:00-04:00,149.1416328980144,150.159224928985,146.25679220294288,147.551025390625,88194300
2022-10-27 00:00:00-04:00,146.28646333910632,147.2546547484254,142.39391931134296,143.05584716796875,109180200
2022-10-28 00:00:00-04:00,146.41487309870763,155.6028541694243,146.0394605904358,153.8640594482422,164762400
2022-10-31 00:00:00-04:00,151.3151410933819,152.38213394751943,150.09007187381837,151.4929656982422,97943200
2022-11-01 00:00:00-04:00,153.21197306230988,153.57751137323584,147.33364728599201,148.8353271484375,80379300
2022-11-02 00:00:00-04:00,147.15584632605294,150.337061596357,143.25342836154712,143.28306579589844,93604600
2022-11-03 00:00:00-04:00,140.34881080847632,141.07990254958716,137.07868389652853,137.20712280273438,97918500
2022-11-04 00:00:00-04:00,140.61134018259497,141.18530623843904,132.9815825695617,136.93995666503906,140814800
2022-11-07 00:00:00-05:00,135.68317279996404,137.70193700622886,134.25815566613036,137.47433471679688,83374600
2022-11-08 00:00:00-05:00,138.9488124233874,139.95818681579658,136.0592015176731,138.04827880859375,89908500
2022-11-09 00:00:00-05:00,137.05869016748804,137.10817285902812,133.189376229013,133.46646118164062,74917800
2022-11-10 00:00:00-05:00,139.77019714382882,145.3415985107422,138.04829894677263,145.3415985107422,118854000
2022-11-11 00:00:00-05:00,144.3025233234953,148.44890717190938,142.86760074898706,148.1421356201172,93979700
2022-11-14 00:00:00-05:00,147.41974514991688,148.71611022108843,145.89576270136516,146.73692321777344,73374100
2022-11-15 00:00:00-05:00,150.63591345307688,151.99165162315202,147.01399786733145,148.4785919189453,89868300
2022-11-16 00:00:00-05:00,147.57806563251776,148.31035506992393,145.75720233681298,147.24159240722656,64218300
2022-11-17 00:00:00-05:00,144.90615559583793,149.90360533004466,144.62907064938662,149.15151977539062,80389400
2022-11-18 00:00:00-05:00,150.72498101153658,151.11092186598808,148.4093358848275,149.71559143066406,74829600
2022-11-21 00:00:00-05:00,148.5973461389294,148.80515229353415,146.1827358664007,146.46971130371094,58724100
2022-11-22 00:00:00-05:00,146.58850221815237,148.85466487823868,145.4009778390681,148.61715698242188,51804100
2022-11-23 00:00:00-05:00,147.8947425813443,150.24997989598808,147.78588669453308,149.49789428710938,58301400
2022-11-25 00:00:00-05:00,146.76662602934562,147.33070163560777,145.58900721627217,146.56871032714844,35195900
2022-11-28 00:00:00-05:00,143.6296014634591,145.1139917287284,141.8879223215426,142.71917724609375,69246000
2022-11-29 00:00:00-05:00,142.78843936121245,143.30303220881638,138.88945365820908,139.70091247558594,83763800
2022-11-30 00:00:00-05:00,139.92852238105422,147.17235443840406,139.08737692084236,146.48953247070312,111380900
2022-12-01 00:00:00-05:00,146.66765127789708,147.57807543623127,145.08429572427386,146.7666015625,71250400
2022-12-02 00:00:00-05:00,144.44108106262544,146.45984525867783,144.1342943784221,146.27182006835938,65447400
2022-12-05 00:00:00-05:00,146.23224678914536,149.34946051004155,144.2530596393701,145.10411071777344,68826400
2022-12-06 00:00:00-05:00,145.5395339297925,145.7671362234273,140.44311797232058,141.42282104492188,64727200
2022-12-07 00:00:00-05:00,140.7103042713057,141.87801737065325,138.54309205811114,139.4733123779297,69721100
2022-12-08 00:00:00-05:00,140.87852137531488,142.0264533787377,139.63163908883672,141.16549682617188,62128300
2022-12-09 00:00:00-05:00,140.85872259344615,144.05512018514585,139.4337056646384,140.68060302734375,76097000
2022-12-12 00:00:00-05:00,141.21500810490178,142.99627966046475,139.59207515427784,142.98638916015625,70462700
2022-12-13 00:00:00-05:00,147.94423760704595,148.40934778946271,142.73898090382795,143.9561767578125,93886200
2022-12-14 00:00:00-05:00,143.83741010786554,145.13377507630975,139.69101124849232,141.7196807861328,82291200
2022-12-15 00:00:00-05:00,139.64154021581635,140.3243621508591,134.6144033940509,135.0795135498047,98931900
2022-12-16 00:00:00-05:00,135.26752037664195,136.2175215573563,132.33831735278028,133.11019897460938,160156900
2022-12-19 00:00:00-05:00,133.70396884953303,133.7930286341792,129.95341639612556,130.9924774169922,79592600
2022-12-20 00:00:00-05:00,130.0226992547034,131.8633439087619,128.538308891753,130.92323303222656,77432800
2022-12-21 00:00:00-05:00,131.5961386519474,135.3862835473447,131.36853637624424,134.04043579101562,85928000
2022-12-22 00:00:00-05:00,132.95190683998158,133.15971304098187,128.9440497206892,130.8539581298828,77852100
2022-12-23 00:00:00-05:00,129.55757270940995,131.04196288495316,128.29089430094626,130.48779296875,63814900
2022-12-27 00:00:00-05:00,130.01280671088563,130.04249330967795,127.38048421797244,128.67684936523438,69007800
2022-12-28 00:00:00-05:00,128.32060034722033,129.66644824771558,124.56014919583653,124.72837829589844,85438400
2022-12-29 00:00:00-05:00,126.6581011447124,129.1221874525747,126.40081220734601,128.26124572753906,75703700
2022-12-30 00:00:00-05:00,127.07372463723176,128.5976922192292,126.10391953505118,128.57789611816406,77034200
2023-01-03 00:00:00-05:00,128.92424454671203,129.53778770648333,122.87782744316272,123.76846313476562,112117500
2023-01-04 00:00:00-05:00,125.56951966733021,127.32110440506466,123.77835783326215,125.04503631591797,89113600
2023-01-05 00:00:00-05:00,125.80702957682153,126.44036886638472,123.46169761547034,123.71898651123047,80962700
2023-01-06 00:00:00-05:00,124.69869219835303,128.93414406697812,123.59034464347916,128.2711181640625,87754700
2023-01-09 00:00:00-05:00,129.1122704426922,132.02167786788954,128.53830437717716,128.79559326171875,70790800
2023-01-10 00:00:00-05:00,128.9044576683215,129.8940512742199,126.786727955699,129.36956787109375,63896200
2023-01-11 00:00:00-05:00,129.8841504007418,132.12062633545213,129.1023781585197,132.10084533691406,69458900
2023-01-12 00:00:00-05:00,132.48677761592936,132.86281286375012,130.07216715098443,132.02166748046875,71379600
2023-01-13 00:00:00-05:00,130.656019148829,133.5159435530184,130.28987441230564,133.35760498046875,57809700
2023-01-17 00:00:00-05:00,133.42691057714939,135.86130244423947,132.73419805805875,134.52536010742188,63646600
2023-01-18 00:00:00-05:00,135.39619418728472,137.16755996413974,133.62481331043077,133.80294799804688,69672800
2023-01-19 00:00:00-05:00,132.68470123913258,134.8321173698302,132.37792966331844,133.86231994628906,58280400
2023-01-20 00:00:00-05:00,133.8722133053258,136.58370504947536,132.82324656561806,136.4352569580078,80223600
2023-01-23 00:00:00-05:00,136.68265050222374,141.82854882417135,136.4649387224491,139.64154052734375,81760300
2023-01-24 00:00:00-05:00,138.84988430946348,141.67023228637194,138.8399938088431,141.04678344726562,66435100
2023-01-25 00:00:00-05:00,139.4238211686979,140.94778844428123,137.36546497180777,140.38372802734375,65799300
2023-01-26 00:00:00-05:00,141.6800962423563,142.748859009156,140.42330829899026,142.46188354492188,54105100
2023-01-27 00:00:00-05:00,141.6702137400347,145.69785156540507,141.59104444543297,144.411376953125,70555800
2023-01-30 00:00:00-05:00,143.45148125337437,144.03533779783174,141.36343835201114,141.51187133789062,64015300
2023-01-31 00:00:00-05:00,141.21497178644756,142.83790431967665,140.7993443803763,142.78842163085938,65874500
2023-02-01 00:00:00-05:00,142.47178209857688,145.08430842068046,139.8493652771468,143.9165802001953,77663600
2023-02-02 00:00:00-05:00,147.35045560866243,149.6067274198631,146.62805663314577,149.25048828125,118339000
2023-02-03 00:00:00-05:00,146.4895254643634,155.74223078414798,146.29160978319123,152.89219665527344,154357300
2023-02-06 00:00:00-05:00,150.98228624419954,151.50676958668788,149.2109054384384,150.15101623535156,69858300
2023-02-07 00:00:00-05:00,149.07235465259149,153.61458490158566,149.07235465259149,153.04061889648438,83322600
2023-02-08 00:00:00-05:00,152.2786602948261,152.97137275977542,149.5968551305232,150.33905029296875,64120100
2023-02-09 00:00:00-05:00,152.17969335931676,152.7239728262669,148.8546584612201,149.2999725341797,56007100
2023-02-10 00:00:00-05:00,148.13047201337668,149.99373802352738,147.89260151029114,149.6666717529297,57450700
2023-02-13 00:00:00-05:00,149.60723296363568,152.88778669579239,149.57750103615223,152.4814453125,62199000
2023-02-14 00:00:00-05:00,150.7668093216158,152.402140794644,149.5180231156205,151.8372039794922,61707600
2023-02-15 00:00:00-05:00,151.74800433724963,154.11674338956908,151.52005454611242,153.94825744628906,65573800
2023-02-16 00:00:00-05:00,152.14443364408874,154.93935535973205,151.985868430853,152.34266662597656,68167900
2023-02-17 00:00:00-05:00,150.99476005163993,151.63897185671203,149.50810346480944,151.19297790527344,59144100
2023-02-21 00:00:00-05:00,148.86388049557812,149.954101404135,147.08981024225724,147.1591796875,58867200
2023-02-22 00:00:00-05:00,147.5457355310671,148.6161303034484,145.850955150422,147.58538818359375,51011300
2023-02-23 00:00:00-05:00,148.75484830811928,149.00262439569616,145.93020998357426,148.07098388671875,48394200
2023-02-24 00:00:00-05:00,145.80137346736828,145.88066363662452,144.42373891303,145.40493774414062,55469600
2023-02-27 00:00:00-05:00,146.39606351974862,147.8430677312503,146.13836665133044,146.60418701171875,44998500
2023-02-28 00:00:00-05:00,145.74191090318052,147.7538517062128,145.5238667165713,146.0987091064453,50547000
2023-03-01 00:00:00-05:00,145.52387812060013,145.9203138783818,143.72006063966762,144.01739501953125,55479000
2023-03-02 00:00:00-05:00,143.0956567800384,145.40493182531964,142.61991578386647,144.61204528808594,52238100
2023-03-03 00:00:00-05:00,146.72311530038687,149.76581361862958,146.0194395178274,149.6865234375,70732300
2023-03-06 00:00:00-05:00,152.42192572768946,154.90960723346896,152.09487461250131,152.46157836914062,87558000
2023-03-07 00:00:00-05:00,152.33275997963113,152.65982628230532,149.7856292559754,150.25144958496094,56182000
2023-03-08 00:00:00-05:00,151.4506527360597,152.10478523414005,150.47937471115543,151.51011657714844,47204800
2023-03-09 00:00:00-05:00,152.1939933444496,153.16527144816123,148.89361378877035,149.2504119873047,53833600
2023-03-10 00:00:00-05:00,148.87379600332346,149.59729796835543,146.2969185586702,147.1790008544922,68572400
2023-03-13 00:00:00-04:00,146.49514356859967,151.77773200211703,146.38612147623616,149.13148498535156,84457100
2023-03-14 00:00:00-04:00,149.934260737341,152.03539706221633,148.76476489554864,151.23260498046875,73695900
2023-03-15 00:00:00-04:00,149.84508307563596,151.8867558074207,148.5863761992532,151.6290740966797,77167900
2023-03-16 00:00:00-04:00,150.80644547979264,155.06819732114948,150.2910669698244,154.463623046875,76161100
2023-03-17 00:00:00-04:00,154.69161062273045,155.34574330027306,152.9076192853672,153.6212158203125,98944600
2023-03-20 00:00:00-04:00,153.69057212608058,156.41610932466375,152.77874273681294,155.9998321533203,73641400
2023-03-21 00:00:00-04:00,155.9205421060661,157.98202582601422,155.1474668072705,157.86309814453125,73938300
2023-03-22 00:00:00-04:00,157.88295021864405,160.6976833752444,156.40619906612653,156.426025390625,75701800
2023-03-23 00:00:00-04:00,157.41713397261083,160.11293949819742,156.2773546917545,157.5162353515625,67622100
2023-03-24 00:00:00-04:00,157.44685878169065,158.91368918214428,156.4458486981132,158.82449340820312,59196500
2023-03-27 00:00:00-04:00,158.51726169320153,159.3398802717359,156.46566804738902,156.8720245361328,52390300
2023-03-28 00:00:00-04:00,156.56476504075383,157.0801435690118,154.59246181824673,156.2476043701172,45992200
2023-03-29 00:00:00-04:00,157.95233402341952,159.61739760234553,157.9325228201753,159.3398895263672,51305700
2023-03-30 00:00:00-04:00,160.09310716599592,161.02474780690227,159.83542544272464,160.9157257080078,49501700
2023-03-31 00:00:00-04:00,160.99501220511618,163.53223722356282,160.46972804690907,163.43312072753906,68749800
2023-04-03 00:00:00-04:00,162.80872590475465,164.81074592730272,162.75916765957112,164.6918182373047,56976200
2023-04-04 00:00:00-04:00,165.11798862787225,165.35584399004858,163.6412377211354,164.1566162109375,46278300
2023-04-05 00:00:00-04:00,163.27454638683875,163.5817863350766,160.36069699391322,162.30325317382812,51511700
2023-04-06 00:00:00-04:00,160.98509285252538,163.492601091182,160.55892518671305,163.1952667236328,45390100
2023-04-10 00:00:00-04:00,159.98406404089835,160.58863830566406,158.65598782749578,160.58863830566406,47716900
2023-04-11 00:00:00-04:00,160.90579790302047,160.91570350226053,159.08215439834586,159.3695831298828,47644200
2023-04-12 00:00:00-04:00,159.78584379518807,160.61836781589554,158.3586511179455,158.67581176757812,50133100
2023-04-13 00:00:00-04:00,160.1922314364538,164.32513554824666,159.98409282917345,164.08726501464844,68445600
2023-04-14 00:00:00-04:00,163.12586146415788,164.84048287959237,162.36272200266043,163.7403564453125,49386500
2023-04-17 00:00:00-04:00,163.6214540913928,163.91878849474452,162.57088563953178,163.7602081298828,41516200
2023-04-18 00:00:00-04:00,164.6224776613853,165.92082224839072,164.17646849957234,164.9891815185547,49923000
2023-04-19 00:00:00-04:00,164.32511680785814,166.6641238574634,164.06741997841854,166.1388397216797,47720200
2023-04-20 00:00:00-04:00,164.61254066948467,166.37670544707035,164.0872565010493,165.1675567626953,52456400
2023-04-21 00:00:00-04:00,163.58179491237593,164.9693351136413,163.0267788318698,163.55206298828125,58337300
2023-04-24 00:00:00-04:00,163.5322324264354,164.12690113902568,162.43210589428088,163.8592987060547,41949600
2023-04-25 00:00:00-04:00,163.72055320726747,164.83058539726287,162.2735339969769,162.3131866455078,48714100
2023-04-26 00:00:00-04:00,161.6094831095728,163.8097361155348,161.3518014065789,162.30325317382812,45498800
2023-04-27 00:00:00-04:00,163.72055333888554,167.06057063521666,163.72055333888554,166.9119110107422,64902300
2023-04-28 00:00:00-04:00,166.9911765357267,168.33907904986796,166.386602280346,168.1705780029297,55209200
2023-05-01 00:00:00-04:00,167.77415043871505,168.9337407637692,167.13984423211144,168.08139038085938,52472900
2023-05-02 00:00:00-04:00,168.57695592218053,168.8346527635164,166.0496364953305,167.04074096679688,48425700
2023-05-03 00:00:00-04:00,167.99221651388285,169.39958312064851,165.67303556145444,165.96044921875,65136000
2023-05-04 00:00:00-04:00,163.42319767016005,165.5540659995638,162.84835532534615,164.315185546875,81235400
2023-05-05 00:00:00-04:00,169.45904407323195,172.74951828972897,169.24099987223252,172.02601623535156,113316400
2023-05-08 00:00:00-04:00,170.94568850577377,172.30351186374347,170.57898470464832,171.9566192626953,55962800
2023-05-09 00:00:00-04:00,171.51063216959898,171.99626368287582,170.0735337075861,170.2420196533203,45326900
2023-05-10 00:00:00-04:00,171.48089302464294,172.48190305646256,170.3708457773496,172.01608276367188,53724500
2023-05-11 00:00:00-04:00,172.30350796985275,173.03691555552936,170.63844469472525,172.2043914794922,49514700
2023-05-12 00:00:00-04:00,172.3135560619337,172.75024761525086,169.7132756322357,171.27146911621094,45497800
2023-05-15 00:00:00-04:00,171.8570325169115,171.9066593124194,170.1797467789581,170.77523803710938,37266700
2023-05-16 00:00:00-04:00,170.69583819309108,171.83717876991398,170.50726545654413,170.77523803710938,42110300
2023-05-17 00:00:00-04:00,170.41792722769495,171.62873306746602,169.1376257092288,171.3905487060547,57951600
2023-05-18 00:00:00-04:00,171.69825612223488,173.9214066244343,171.28141824256758,173.7328338623047,65496700
2023-05-19 00:00:00-04:00,175.0627050128659,175.0627050128659,173.62361895981286,173.8419647216797,55772400
2023-05-22 00:00:00-04:00,172.6708601403215,173.3953780620173,172.14484940723798,172.8892059326172,43570900
2023-05-23 00:00:00-04:00,171.82723630258562,172.07535510270188,169.99115112413736,170.26904296875,50747300
2023-05-24 00:00:00-04:00,169.80259482166662,171.1225887831174,169.2368917775998,170.5469512939453,45143500
2023-05-25 00:00:00-04:00,171.11268642842802,172.5914650743336,170.39810293275275,171.68832397460938,56058300
2023-05-26 00:00:00-04:00,172.0158462459514,174.4474079846001,171.80741974539387,174.10995483398438,54835000
2023-05-30 00:00:00-04:00,175.62844336557998,177.64316710040904,175.24137858755796,175.96588134765625,55964400
2023-05-31 00:00:00-04:00,175.99565961269718,178.00046410534546,175.4299413812976,175.916259765625,99625300
2023-06-01 00:00:00-04:00,176.3628631071657,178.76465158842046,175.59865286277548,178.73487854003906,68901800
2023-06-02 00:00:00-04:00,179.6678245336984,180.412181100615,177.91113879546273,179.5884246826172,61945900
2023-06-05 00:00:00-04:00,181.25576664565278,183.55830143833987,176.70029356551757,178.2287139892578,121946500
2023-06-06 00:00:00-04:00,178.61578703231345,178.76465227479207,176.09489120388227,177.86151123046875,64848400
2023-06-07 00:00:00-04:00,177.09730925974853,179.84647030311896,175.9857416800345,176.4819793701172,61944600
2023-06-08 00:00:00-04:00,176.56135080082998,179.47923062220013,176.12467438732125,179.21127319335938,50214900
2023-06-09 00:00:00-04:00,180.13428821622014,180.85879103044124,179.27083944935424,179.59835815429688,48870700
2023-06-12 00:00:00-04:00,179.90600135310552,182.5062817855448,179.60825573516888,182.4070281982422,54274900
2023-06-13 00:00:00-04:00,181.4244766251203,182.76430911070224,181.0671849335044,181.93063354492188,54929100
2023-06-14 00:00:00-04:00,181.99018893101425,183.00251796629055,180.6503563770028,182.56582641601562,57462900
2023-06-15 00:00:00-04:00,182.57577393042644,185.1165084295681,182.39712049072034,184.61033630371094,65433200
2023-06-16 00:00:00-04:00,185.32492724572717,185.58298054193108,182.88344624177174,183.52854919433594,101235600
2023-06-20 00:00:00-04:00,183.0223827636369,184.69966852666565,183.0223827636369,183.61785888671875,49799100
2023-06-21 00:00:00-04:00,183.50867393361597,184.01484602054117,181.21605845086614,182.5757598876953,49515700
2023-06-22 00:00:00-04:00,182.35741623768828,185.64250704259015,182.28793569790065,185.59288024902344,51245300
2023-06-23 00:00:00-04:00,184.1537970097952,186.14866693334577,183.61785186115858,185.27528381347656,53079300
2023-06-26 00:00:00-04:00,185.42417467718977,186.6349958367303,183.83620803203,183.87591552734375,48088700
2023-06-27 00:00:00-04:00,184.491227935301,186.9724161183805,184.27288216367234,186.6448974609375,50730800
2023-06-28 00:00:00-04:00,186.5158986853118,188.4710764771,186.18839512292732,187.8259735107422,51216800
2023-06-29 00:00:00-04:00,187.65724937280402,188.63980546499792,187.51830342335998,188.1634063720703,46347300
2023-06-30 00:00:00-04:00,190.18803334713144,193.01657866886924,189.82080721379157,192.5104217529297,85069600
2023-07-03 00:00:00-04:00,192.32186987463191,192.42112346606635,190.31706545063716,191.01181030273438,31458200
2023-07-05 00:00:00-04:00,190.12850409377413,191.5278827838796,189.18564042572623,189.8903045654297,46920300
2023-07-06 00:00:00-04:00,188.41152151886186,190.57512571080738,187.7763378847441,190.36669921875,45094300
2023-07-07 00:00:00-04:00,189.9696807600682,191.22019405427196,188.80848659888545,189.2451629638672,46778000
2023-07-10 00:00:00-04:00,187.83588357427638,188.56040149996468,185.63258703549474,187.19078063964844,59922200
2023-07-11 00:00:00-04:00,187.73663959244752,187.8755855347649,185.19590513637428,186.66476440429688,46638100
2023-07-12 00:00:00-04:00,188.25272198118796,190.2575264802813,187.05183525729512,188.34205627441406,60750200
2023-07-13 00:00:00-04:00,189.06653934191485,189.75134970272404,188.35195593445923,189.10623168945312,41342300
2023-07-14 00:00:00-04:00,188.7985968506641,189.74144548057956,188.20312067891533,189.25514221191406,41573900
2023-07-17 00:00:00-04:00,190.45600381205304,192.85780736222108,190.3666846697001,192.53028869628906,50520200
2023-07-18 00:00:00-04:00,191.89511697543264,192.8677385882339,190.97210701546965,192.27224731445312,48353800
2023-07-19 00:00:00-04:00,191.64697698861832,196.73836472736357,191.20035101057832,193.63192749023438,80507300
2023-07-20 00:00:00-04:00,193.6220163160383,194.99163717283173,191.05150874206208,191.67677307128906,59581200
2023-07-21 00:00:00-04:00,192.6394471410463,193.50289574032678,189.79103294871322,190.49569702148438,71917800
2023-07-24 00:00:00-04:00,191.95464362925216,193.44335651892717,190.8033686933505,191.2996063232422,45377800
2023-07-25 00:00:00-04:00,191.8752747291033,192.9769230508511,191.46835617242775,192.1630859375,37283200
2023-07-26 00:00:00-04:00,192.21269689922778,194.16787452666702,191.86533961729995,193.0364532470703,47471900
2023-07-27 00:00:00-04:00,194.54503217158796,195.71614587462116,191.1011413216581,191.76609802246094,47460200
2023-07-28 00:00:00-04:00,193.20517029738988,195.15042860374737,192.6791595850325,194.3564453125,48291400
2023-07-31 00:00:00-04:00,194.58469124735177,195.01146347128426,193.79070803424523,194.9717559814453,38824100
2023-08-01 00:00:00-04:00,194.7633716275856,195.24967486566203,193.81058861115622,194.1381072998047,35175100
2023-08-02 00:00:00-04:00,193.57237058354673,193.7113165160086,190.4063871835963,191.13088989257812,50389300
2023-08-03 00:00:00-04:00,190.1285055646349,190.92247371064892,189.2551224312535,189.73150634765625,61235200
2023-08-04 00:00:00-04:00,184.12402690270278,185.9700316166551,180.55110966796553,180.62059020996094,115799700
2023-08-07 00:00:00-04:00,180.7595446995356,181.75202007346337,176.01551362367866,177.5042266845703,97576100
2023-08-08 00:00:00-04:00,178.33790961819957,178.91354717576903,176.24378588827238,178.44708251953125,67823000
2023-08-09 00:00:00-04:00,179.50900875402357,179.568554851008,175.67805336031552,176.84918212890625,60378500
2023-08-10 00:00:00-04:00,178.12944570765407,179.38989345940934,176.26360261853452,176.6308135986328,54686900
2023-08-11 00:00:00-04:00,176.22338084720406,177.51532893244283,175.45813862661385,176.69046020507812,51988100
2023-08-14 00:00:00-04:00,176.86935281922499,178.57871676071744,176.21343092354076,178.3501434326172,43675600
2023-08-15 00:00:00-04:00,177.77374911014707,178.37002940412782,175.95506464288002,176.3525848388672,43622600
2023-08-16 00:00:00-04:00,176.03454634490478,177.43581469068437,175.40843772025733,175.47801208496094,46964900
2023-08-17 00:00:00-04:00,176.04448461625057,176.41219151441152,172.40711609073566,172.9239044189453,66062900
2023-08-18 00:00:00-04:00,171.23443009200113,174.0171167915457,170.8965364290824,173.410888671875,61114200
2023-08-21 00:00:00-04:00,173.98730585882458,175.04074797752577,172.66552927979032,174.75253295898438,46311900
2023-08-22 00:00:00-04:00,175.96499481130297,176.5811556555548,175.1600065691228,176.13394165039062,42084200
2023-08-23 00:00:00-04:00,177.41596644953157,180.4272265262981,177.2271390578494,179.9998779296875,52722800
2023-08-24 00:00:00-04:00,179.5526776972616,179.98002632661715,174.9214929732303,175.28921508789062,54945800
2023-08-25 00:00:00-04:00,176.28301269216934,178.04205535297126,174.73266281139772,177.50540161132812,51449600
2023-08-28 00:00:00-04:00,178.97623493994635,179.4731427043403,177.4457656979585,179.07562255859375,43820700
2023-08-29 00:00:00-04:00,178.5886452216866,183.75648287285222,178.38988515133815,182.98130798339844,53003900
2023-08-30 00:00:00-04:00,183.79625497655422,186.68826194099242,183.59749489432,186.48948669433594,60813900
2023-08-31 00:00:00-04:00,186.6783166282915,187.95039936926207,186.3205424096171,186.7081298828125,60794500
2023-09-01 00:00:00-04:00,188.31811281370076,188.7454462185212,187.1155893336136,188.28829956054688,45732600
2023-09-05 00:00:00-04:00,187.11560855404784,188.80509211880627,186.44975389117812,188.52682495117188,45280000
2023-09-06 00:00:00-04:00,187.23484633917346,187.68207547486304,180.34771175415628,181.77880859375,81755800
2023-09-07 00:00:00-04:00,174.09658267042076,177.10785742512675,172.4667259444429,176.4618682861328,112488800
2023-09-08 00:00:00-04:00,177.24699542212446,179.1253060568345,176.6904460199261,177.07803344726562,65551300
2023-09-11 00:00:00-04:00,178.95639399241105,179.18496734921638,176.24326630983538,178.2507781982422,58953100
2023-09-12 00:00:00-04:00,178.37994480745334,179.01598610395126,173.73882836568524,175.2096710205078,90370200
2023-09-13 00:00:00-04:00,175.41837777577814,176.20350055461225,172.9040256402011,173.1326141357422,84267900
2023-09-14 00:00:00-04:00,172.92389281964336,175.01091138495906,172.50649213946434,174.65313720703125,60895800
2023-09-15 00:00:00-04:00,175.38856818743835,175.40844874494908,172.74503028655468,173.9276580810547,109205100
2023-09-18 00:00:00-04:00,175.38854849165324,178.27062243017014,175.0804681247336,176.8693389892578,67257600
2023-09-19 00:00:00-04:00,176.42215294794642,178.51910451081574,176.03456546307592,177.9625701904297,51826900
2023-09-20 00:00:00-04:00,178.1513672500879,178.5886485115626,174.3152386804528,174.40469360351562,58436200
2023-09-21 00:00:00-04:00,173.47050026870355,175.20967741085585,172.78476514063325,172.8543243408203,63047900
2023-09-22 00:00:00-04:00,173.58976187810813,175.98486101486026,172.97360108411723,173.70901489257812,56725400
2023-09-25 00:00:00-04:00,173.12268010832878,175.87555365575165,173.07298629383072,174.99105834960938,46172700
2023-09-26 00:00:00-04:00,173.73885876847856,174.1164984027068,170.59839768303257,170.89654541015625,64588900
2023-09-27 00:00:00-04:00,171.5524350388733,171.9698357492923,168.00452141810098,169.3759765625,66921800
2023-09-28 00:00:00-04:00,168.29272705350883,170.96609339598558,166.5833630389383,169.63438415527344,56294400
2023-09-29 00:00:00-04:00,170.95614167013932,171.9996509482002,169.28652379235777,170.15115356445312,51814200
2023-10-02 00:00:00-04:00,170.16109351938684,173.22204712222216,169.87287852825236,172.67544555664062,52164500
2023-10-03 00:00:00-04:00,171.19465244741932,172.55618999324432,169.76357086656446,171.3337860107422,49594600
2023-10-04 00:00:00-04:00,170.03190052575047,173.13261538484517,169.91264751116213,172.5860137939453,53020300
2023-10-05 00:00:00-04:00,172.7151938850701,174.3649313004983,171.61205804275627,173.82827758789062,48527900
2023-10-06 00:00:00-04:00,172.7251520422754,176.88924177784276,172.10897606656815,176.392333984375,57224100
2023-10-09 00:00:00-04:00,175.71653078442577,177.94268314929081,174.7127825048992,177.883056640625,42390800
2023-10-10 00:00:00-04:00,176.99854334673063,178.60851957438075,176.8494619258314,177.2867431640625,43698000
2023-10-11 00:00:00-04:00,177.09793827814755,178.7377431296811,176.50165801211756,178.68804931640625,47551100
2023-10-12 00:00:00-04:00,178.95638111240146,181.21233159015208,177.9327371003315,179.59242248535156,56743100
2023-10-13 00:00:00-04:00,180.29802522104373,180.80486572035005,177.03831125012886,177.74392700195312,51427100
2023-10-16 00:00:00-04:00,175.65689773759766,177.97248977927228,175.41837654739012,177.61471557617188,52517000
2023-10-17 00:00:00-04:00,175.55750508309643,177.31656279493396,173.71895547455762,176.05441284179688,57549400
2023-10-18 00:00:00-04:00,174.49414635996683,176.48177757696462,174.02705181081853,174.75253295898438,54764400
2023-10-19 00:00:00-04:00,174.9512775869872,176.74014855708347,174.10654349306773,174.3748779296875,59302900
2023-10-20 00:00:00-04:00,174.2258012947257,174.3351216115833,171.57231560127875,171.8108367919922,64189300
2023-10-23 00:00:00-04:00,169.85302851446286,172.93384778812512,168.87907830418513,171.9300994873047,55980100
2023-10-24 00:00:00-04:00,171.97979837385134,172.59595921387623,170.38968729481687,172.3673858642578,43816600
2023-10-25 00:00:00-04:00,170.81702981156988,171.98972493811345,169.59462570782657,170.04185485839844,57157000
2023-10-26 00:00:00-04:00,169.3163379944291,170.3201013316095,164.64540828457035,165.8578643798828,70625300
2023-10-27 00:00:00-04:00,165.8777610074826,167.91508596598229,165.79825394187426,167.17965698242188,58499100
2023-10-30 00:00:00-04:00,167.97469692197112,170.11139414133623,167.82561550110003,169.23683166503906,51131000
2023-10-31 00:00:00-04:00,168.30266621223763,169.8430681534906,166.86162156099337,169.71388244628906,44846000
2023-11-01 00:00:00-04:00,169.94245541165574,173.15247532339345,169.0678928937645,172.8940887451172,56934900
2023-11-02 00:00:00-04:00,174.43450739060134,176.68052504619254,174.37488088465793,176.47183227539062,77334800
2023-11-03 00:00:00-04:00,173.16241138117383,175.72645709024493,172.27791622747424,175.5574951171875,79763700
2023-11-06 00:00:00-05:00,175.28918637857382,178.32031158491046,175.12023955979996,178.12155151367188,63841300
2023-11-07 00:00:00-05:00,178.07188398001148,181.31173276049725,177.86319118196494,180.69557189941406,70530000
2023-11-08 00:00:00-05:00,181.22227266382137,182.31546067653568,180.466963136192,181.75892639160156,49340300
2023-11-09 00:00:00-05:00,181.8284924326774,182.9813068996389,180.68559549720575,181.28189086914062,53763500
2023-11-10 00:00:00-05:00,183.07312579736603,185.66045656490678,182.63526841968368,185.49127197265625,66133400
2023-11-13 00:00:00-05:00,184.91409464160964,185.12306234297503,183.31194313207843,183.89906311035156,43627500
2023-11-14 00:00:00-05:00,186.78492632853875,187.1929311504176,185.3917576494399,186.5261993408203,60108400
2023-11-15 00:00:00-05:00,186.93422111937653,188.57617115328318,186.86455508690236,187.0934295654297,53790500
2023-11-16 00:00:00-05:00,188.64582412031268,190.02904704723116,187.73029590080972,188.78514099121094,54412900
2023-11-17 00:00:00-05:00,189.32251104128505,189.45188213648447,187.65070850825023,188.76524353027344,50922700
2023-11-20 00:00:00-05:00,188.96425501994514,190.97441144582112,188.9543092379418,190.5166473388672,46505100
2023-11-21 00:00:00-05:00,190.47685219685218,190.586316538311,188.8149955106325,189.71060180664062,38134500
2023-11-22 00:00:00-05:00,190.55646496546896,191.98943200940647,189.89967891341405,190.37733459472656,39617700
2023-11-24 00:00:00-05:00,189.93947531002817,189.96932784078396,188.3273779116158,189.0438690185547,24048300
2023-11-27 00:00:00-05:00,188.994117188391,189.74046085550287,187.9790855494866,188.86474609375,40552600
2023-11-28 00:00:00-05:00,188.85479867311508,190.14846405510127,188.47664635938358,189.47177124023438,38415400
2023-11-29 00:00:00-05:00,189.96933244559008,191.15353347560767,188.04874872654685,188.44679260253906,43014200
2023-11-30 00:00:00-05:00,188.9145072113341,189.39217809569718,187.27255720148867,189.0239715576172,48794400
2023-12-01 00:00:00-05:00,189.40211098182942,190.6261102728152,188.3074675935333,190.30767822265625,45679300
2023-12-04 00:00:00-05:00,189.05382196941733,189.12348800008925,186.53615721754525,188.50650024414062,43389500
2023-12-05 00:00:00-05:00,189.28270844769884,193.45226890347428,189.2528407319119,192.47705078125,66628400
2023-12-06 00:00:00-05:00,193.5020367748159,193.81052306910513,191.1734481168898,191.38243103027344,41089700
2023-12-07 00:00:00-05:00,192.68602720531442,194.0493433741143,192.64621370853777,193.32290649414062,47477700
2023-12-08 00:00:00-05:00,193.25324166018223,195.03452363413496,192.72582670763535,194.75588989257812,53377300
2023-12-11 00:00:00-05:00,192.16855411471755,192.54670640437527,190.48679074363935,192.2382049560547,60943700
2023-12-12 00:00:00-05:00,192.13871428631938,193.77071848752672,190.7853438376791,193.76077270507812,52696900
2023-12-13 00:00:00-05:00,194.13890022421998,197.03471713546693,193.90007998207173,196.9949188232422,70404200
2023-12-14 00:00:00-05:00,197.05460745572316,198.6467979467734,195.20367481138322,197.1441650390625,66831600
2023-12-15 00:00:00-05:00,196.5669980286803,197.43275173465906,196.0395831061416,196.6068115234375,128256700
2023-12-18 00:00:00-05:00,195.13403475719855,195.67141069754175,193.4423254921639,194.9350128173828,55751900
2023-12-19 00:00:00-05:00,195.20369275359957,195.98983469805682,194.9350047944863,195.97988891601562,40714100
2023-12-20 00:00:00-05:00,195.94008865557052,196.71628487042167,193.88018798828125,193.88018798828125,52242800
2023-12-21 00:00:00-05:00,195.14397125694492,196.11918926884985,192.55664081053737,193.7308807373047,46482500
2023-12-22 00:00:00-05:00,194.22845757962483,194.45734722393942,192.02924020237552,192.6561737060547,37122800
2023-12-26 00:00:00-05:00,192.66612369019674,192.94475743470915,191.88992751842636,192.10885620117188,28919300
2023-12-27 00:00:00-05:00,191.55158790358445,192.5566585360189,190.15840400250286,192.20835876464844,48087700
2023-12-28 00:00:00-05:00,193.1935437488545,193.71101293849657,192.22827139973785,192.6362762451172,34049900
2023-12-29 00:00:00-05:00,192.9547010641641,193.452263485871,190.7952819760843,191.5913848876953,42628800
2024-01-02 00:00:00-05:00,186.2376030973938,187.52132261231023,182.9935016661129,184.73497009277344,82488700
2024-01-03 00:00:00-05:00,183.32189307602442,184.973803899141,182.53573597559208,183.35174560546875,58414500
2024-01-04 00:00:00-05:00,181.261998363711,182.19741821935423,179.99820064627082,181.02317810058594,71983600
2024-01-05 00:00:00-05:00,181.10277101042314,181.8690061871609,179.29163655398915,180.2967071533203,62303300
2024-01-08 00:00:00-05:00,181.20228054123743,184.6951784875532,180.6151605231867,184.65536499023438,59144500
2024-01-09 00:00:00-05:00,183.02335798455337,184.24735728099782,181.83915700040632,184.23741149902344,42841800
2024-01-10 00:00:00-05:00,183.45127673118873,185.49127057687537,183.02336513916433,185.2823028564453,46792900
2024-01-11 00:00:00-05:00,185.6305920580053,186.13811547472974,182.7248291738061,184.6852264404297,49128400
2024-01-12 00:00:00-05:00,185.1529277118819,185.8296205077815,184.2871739488164,185.01361083984375,40444700
2024-01-16 00:00:00-05:00,181.27193705900044,183.361690026594,180.04792262326768,182.73477172851562,65603000
2024-01-17 00:00:00-05:00,180.38626857032017,182.03816412329252,179.42099634332618,181.7893829345703,47317400
2024-01-18 00:00:00-05:00,185.18279289864887,188.217926944481,184.92406588558168,187.71041870117188,78005800
2024-01-19 00:00:00-05:00,188.4069897270921,191.01421197583775,187.89948151982946,190.62611389160156,68741000
2024-01-22 00:00:00-05:00,191.36250312836654,194.37773007418247,191.3226896328841,192.9447479248047,60133900
2024-01-23 00:00:00-05:00,194.06926140547006,194.79569832767794,192.88506035011693,194.2284698486328,42355600
2024-01-24 00:00:00-05:00,194.4672860626603,195.42261254918643,193.39254945946814,193.55177307128906,53631300
2024-01-25 00:00:00-05:00,194.2682881337411,195.31317233681816,192.1685739447696,193.22340393066406,54822100
2024-01-26 00:00:00-05:00,193.32290534776368,193.8105067973861,191.00426266727368,191.48191833496094,44594000
2024-01-29 00:00:00-05:00,191.07392183626405,191.2629979920715,188.65577567784422,190.7952880859375,47145600
2024-01-30 00:00:00-05:00,190.00913152540437,190.86493945980703,186.55604725857967,187.12326049804688,55859400
2024-01-31 00:00:00-05:00,186.12815142243116,186.18787167030365,183.45127824224116,183.5010223388672,55467800
2024-02-01 00:00:00-05:00,183.09304712297666,186.03860850559406,182.92387770165894,185.9490509033203,64885400
2024-02-02 00:00:00-05:00,178.9831513103476,186.41673495449575,178.3761245608121,184.94395446777344,102518000
2024-02-05 00:00:00-05:00,187.23273981487074,188.3273832549743,184.9340037750539,186.76502990722656,69668800
2024-02-06 00:00:00-05:00,185.94902917871246,188.38708201253658,185.8594715869018,188.37713623046875,43490800
2024-02-07 00:00:00-05:00,189.71060210551596,190.118606941087,187.69049986083044,188.48660278320312,53439000
2024-02-08 00:00:00-05:00,188.46669218310572,188.6159548348253,186.4366441977198,187.40191650390625,40962000
2024-02-09 00:00:00-05:00,187.96985257532495,189.30503301755343,187.3222021069975,188.1691436767578,45155200
2024-02-12 00:00:00-05:00,187.7406910525987,187.9897897322466,186.1165627960856,186.4752655029297,41781900
2024-02-13 00:00:00-05:00,185.10024282819998,185.53865891732192,182.84838113476025,184.37286376953125,56529500
2024-02-14 00:00:00-05:00,184.6518638454696,184.8610982078661,181.78224238811126,183.48606872558594,54630500
2024-02-15 00:00:00-05:00,182.88824837462906,183.82486181575325,180.69618309757163,183.19712829589844,65434500
2024-02-16 00:00:00-05:00,182.75869330174024,184.18354546694673,181.0150027746939,181.65269470214844,49701400
2024-02-20 00:00:00-05:00,181.134577279735,181.77226924950583,179.3510375405212,180.90541076660156,53665600
2024-02-21 00:00:00-05:00,181.28405435734408,182.23062628266825,180.00867035619171,181.66268920898438,41529700
2024-02-22 00:00:00-05:00,182.81847067506192,184.29314557915657,181.80215916466838,183.70526123046875,52292200
2024-02-23 00:00:00-05:00,184.34298212256263,184.37287274793326,181.5730060105222,181.86196899414062,45119700
2024-02-26 00:00:00-05:00,181.5829745492965,182.10108884357552,179.99869543060538,180.50686645507812,40867400
2024-02-27 00:00:00-05:00,180.4470750372319,183.25690001064538,178.9126187804792,181.9715576171875,54318900
2024-02-28 00:00:00-05:00,181.8519814326113,182.45978277503792,179.48057251285755,180.7659149169922,48953900
2024-02-29 00:00:00-05:00,180.6164570963822,181.91177314365308,178.88272498353265,180.09832763671875,136682600
2024-03-01 00:00:00-05:00,178.9026640457765,179.87912655443867,176.74048946042234,179.01226806640625,73488000
2024-03-04 00:00:00-05:00,175.51490641269265,176.26220237846417,173.16341449891394,174.4687042236328,81510100
2024-03-05 00:00:00-05:00,170.14434479927544,171.4197287337638,169.00845550750375,169.50665283203125,95132400
2024-03-06 00:00:00-05:00,170.44327734278693,170.6226362972693,168.07185305827852,168.51026916503906,68587700
2024-03-07 00:00:00-05:00,168.5401544147667,170.1144598371159,167.8825454793763,168.3907012939453,71765100
2024-03-08 00:00:00-05:00,168.39069767067738,173.0737495355564,168.33091642363513,170.1144561767578,76114600
2024-03-11 00:00:00-04:00,172.31649942978052,173.75131021022753,171.42970876738985,172.12718200683594,60139500
2024-03-12 00:00:00-04:00,172.52572483722957,173.40255698056936,170.39344092810595,172.60543823242188,59825400
2024-03-13 00:00:00-04:00,172.14711771653415,172.56560166885345,170.14435462584885,170.51303100585938,52488700
2024-03-14 00:00:00-04:00,172.286609864896,173.68155635236576,171.4297098215142,172.37628173828125,72913500
2024-03-15 00:00:00-04:00,170.5528808562992,171.99765014648438,169.6760486454164,171.99765014648438,121664700
2024-03-18 00:00:00-04:00,174.9370098250161,177.0692936926196,172.89439782384204,173.0936737060547,75604200
2024-03-19 00:00:00-04:00,173.7114580811964,175.97327843397125,172.40618338367324,175.4451904296875,55215200
2024-03-20 00:00:00-04:00,175.08647190626633,178.0258331298828,174.45873840154812,178.0258331298828,53423100
2024-03-21 00:00:00-04:00,176.41166541450514,176.85008146724155,170.2240483134294,170.75213623046875,106181300
2024-03-22 00:00:00-04:00,171.14072980755137,172.42608734653942,169.44686204033275,171.6588592529297,71106600
2024-03-25 00:00:00-04:00,169.9550500090239,171.32010587263267,168.83907761478048,170.23403930664062,54288300
2024-03-26 00:00:00-04:00,169.38709229314748,170.80197088667242,168.96860836017046,169.09814453125,57388400
2024-03-27 00:00:00-04:00,169.79561181348092,172.97411310204996,169.49669038501753,172.68515014648438,60273300
2024-03-28 00:00:00-04:00,171.13077090878156,171.60903605513778,169.89523614327186,170.8617401123047,65672700
2024-04-01 00:00:00-04:00,170.5728137058907,170.6325949561908,168.86897205345468,169.4169921875,46240500
2024-04-02 00:00:00-04:00,168.4704023866532,168.7294595117456,167.62346088712874,168.23126220703125,49329500
2024-04-03 00:00:00-04:00,168.18146051603773,170.0646459557495,167.9722261359459,169.03836059570312,47691700
2024-04-04 00:00:00-04:00,169.67605100414067,171.30017927084614,168.21136474609375,168.21136474609375,53704400
2024-04-05 00:00:00-04:00,168.97857114439864,169.77568993392828,168.3408791535302,168.96861267089844,42055200
2024-04-08 00:00:00-04:00,168.42059262733576,168.58997789957206,167.6334475147346,167.84268188476562,37425500
2024-04-09 00:00:00-04:00,168.09176931793073,169.46679875844995,167.74304032326918,169.0582733154297,42451200
2024-04-10 00:00:00-04:00,168.19140606177325,168.48035379673388,166.50749680982383,167.17507934570312,49709300
2024-04-11 00:00:00-04:00,167.73307888899373,174.8274194382653,167.55373514215378,174.40892028808594,91070300
2024-04-12 00:00:00-04:00,173.63173034934167,177.71695459263955,173.58192277868224,175.91348266601562,101593300
2024-04-15 00:00:00-04:00,174.7277545222084,175.9931798985106,171.8780654093003,172.0673828125,73531800
2024-04-16 00:00:00-04:00,171.1307833718662,173.13353117115574,167.6633342016507,168.7693328857422,73711200
2024-04-17 00:00:00-04:00,168.99849837401,170.0347421275801,167.39430236816406,167.39430236816406,50901200
2024-04-18 00:00:00-04:00,167.4241802492927,168.0319815519269,165.94952052629202,166.437744140625,43122900
2024-04-19 00:00:00-04:00,165.610765092168,165.80006730864108,163.48843957599198,164.40512084960938,67772100
2024-04-22 00:00:00-04:00,164.9232423149658,166.65695922918923,164.17594634744867,165.24208068847656,48116400
2024-04-23 00:00:00-04:00,164.75384886459605,166.44771659935518,164.32539129188558,166.29824829101562,49537800
2024-04-24 00:00:00-04:00,165.93955957507254,168.68961856026672,165.61076271741103,168.41062927246094,48251800
2024-04-25 00:00:00-04:00,168.91879363485126,169.9949017439694,167.54376407257087,169.27749633789062,50558300
2024-04-26 00:00:00-04:00,169.26753170576032,170.72225941243215,168.57004327249933,168.6896209716797,44838400
2024-04-29 00:00:00-04:00,172.74492977704497,175.39534310552878,172.47591417733986,172.8744659423828,68169400
2024-04-30 00:00:00-04:00,172.70508045160457,174.35909916149876,169.38708455902474,169.7158966064453,65934800
2024-05-01 00:00:00-04:00,168.96861026347364,172.08733045132695,168.50030355143892,168.6896209716797,50383100
2024-05-02 00:00:00-04:00,171.8880442050533,172.7947670308616,170.27388965643632,172.4061737060547,94214900
2024-05-03 00:00:00-04:00,185.9770408577792,186.32578503963057,182.0014362443012,182.71884155273438,163224100
2024-05-06 00:00:00-04:00,181.69256254536748,183.53588344480866,179.76951304919194,181.05487060546875,78569700
2024-05-07 00:00:00-04:00,182.78860333233249,184.23337259597065,180.66629297548113,181.7423858642578,77305800
2024-05-08 00:00:00-04:00,182.19076551728074,182.40997355379537,180.79580390275353,182.08116149902344,45057100
2024-05-09 00:00:00-04:00,181.90180851615733,183.9942434045937,181.4534339554284,183.90457153320312,48983000
2024-05-10 00:00:00-04:00,184.4832417440643,184.67281593274453,181.71949609935797,182.63742065429688,50759500
2024-05-13 00:00:00-04:00,185.022050078909,186.67831235597092,184.20389092118026,185.8601531982422,72044800
2024-05-14 00:00:00-04:00,187.0873746193062,187.87560260141976,185.87012310151908,187.00755310058594,52393600
2024-05-15 00:00:00-04:00,187.48648604697289,190.2203008031565,186.9476945906926,189.2924041748047,70400000
2024-05-16 00:00:00-04:00,190.04070957734746,190.66929452090585,189.23253763528552,189.41212463378906,52845200
2024-05-17 00:00:00-04:00,189.082873144053,190.3799462232965,188.75361507763282,189.4420623779297,41282900
2024-05-20 00:00:00-04:00,188.90328335886426,191.48744227389747,188.58399727816297,190.6094207763672,44361300
2024-05-21 00:00:00-04:00,190.65930352654095,192.295606563888,190.48968851208156,191.91647338867188,42309400
2024-05-22 00:00:00-04:00,191.83666445590288,192.3854279059742,189.84117207338795,190.46974182128906,34648500
2024-05-23 00:00:00-04:00,190.54955125962866,190.5695104450197,186.20936473753514,186.45880126953125,51005900
2024-05-24 00:00:00-04:00,188.3944296603675,190.15045735054443,187.61617368042806,189.5518035888672,36294600
2024-05-28 00:00:00-04:00,191.07836129474845,192.5650085513949,188.67380462379438,189.56179809570312,52280100
2024-05-29 00:00:00-04:00,189.18265440509,191.81670371975596,189.0828736970108,189.86111450195312,53068000
2024-05-30 00:00:00-04:00,190.33005195445256,191.74684967437963,190.2003553062749,190.85885620117188,49947900
2024-05-31 00:00:00-04:00,191.00852422632752,192.13598224075488,189.4819738440947,191.8166961669922,75158300
2024-06-03 00:00:00-04:00,192.46520870740554,194.55050954143104,192.0860755575436,193.59266662597656,50080500
2024-06-04 00:00:00-04:00,194.20129645164835,194.87977170290745,192.59492465346364,193.91195678710938,47471400
2024-06-05 00:00:00-04:00,194.95958593724887,196.45620511862302,194.43078171111515,195.42852783203125,54156800
2024-06-06 00:00:00-04:00,195.24893596907827,196.05710787096342,193.7323576402732,194.04165649414062,41181800
2024-06-07 00:00:00-04:00,194.21128637904513,196.49613363963536,193.70244131187536,196.4462432861328,53103900
2024-06-10 00:00:00-04:00,196.45620195884163,196.85530953542744,191.7169079607164,192.68472290039062,97262100
2024-06-11 00:00:00-04:00,193.21353266624035,206.6930926736998,193.1935887051364,206.68310546875,172373300
2024-06-12 00:00:00-04:00,206.902617394007,219.7037025197263,206.43367547843766,212.58978271484375,198134300
2024-06-13 00:00:00-04:00,214.25601418934664,216.2614784743462,211.12309188063193,213.75714111328125,97862700
2024-06-14 00:00:00-04:00,213.36801320894725,214.68503016669274,210.8237575657328,212.01107788085938,70122700
2024-06-17 00:00:00-04:00,212.88909055319678,218.45651588142053,212.2405616472853,216.18165588378906,93728300
2024-06-18 00:00:00-04:00,217.09957203800778,218.13723651623954,212.5199210550432,213.8070068359375,79943300
2024-06-20 00:00:00-04:00,213.44783400509766,213.75714811087835,208.37929678381894,209.20741271972656,86172500
2024-06-21 00:00:00-04:00,209.91581187096148,211.41243109582913,206.64320571720273,207.02235412597656,246421400
2024-06-24 00:00:00-04:00,207.25181639438415,212.22058759649926,206.1243584552299,207.67086791992188,80727000
2024-06-25 00:00:00-04:00,208.67859169129048,210.90357646615678,208.13981549353107,208.59878540039062,56713900
2024-06-26 00:00:00-04:00,211.0233076661301,214.37573529051122,210.16524538059215,212.7693634033203,66213200
2024-06-27 00:00:00-04:00,214.2061287476001,215.25376527623442,211.8714063519454,213.61746215820312,49772700
2024-06-28 00:00:00-04:00,215.28368048569334,215.58300736088682,209.8260080950157,210.14527893066406,82542700
2024-07-01 00:00:00-04:00,211.61197396968475,217.01975619065925,211.4423589537816,216.261474609375,60402900
2024-07-02 00:00:00-04:00,215.66281990345283,219.88329699479613,214.61519864650157,219.77354431152344,58046200
2024-07-03 00:00:00-04:00,219.50414962607874,221.0506591796875,218.53633465750286,221.0506591796875,37369800
2024-07-05 00:00:00-04:00,221.15041758535088,225.93960192344272,221.15041758535088,225.82984924316406,60412400
2024-07-08 00:00:00-04:00,226.57816816685514,227.33646497984205,222.74682662809306,227.30653381347656,59085900
2024-07-09 00:00:00-04:00,227.41627168952732,228.8829597417087,225.85979013808537,228.16458129882812,48076100
2024-07-10 00:00:00-04:00,228.78318145764177,232.55466045949046,228.73329110826765,232.4548797607422,62627700
2024-07-11 00:00:00-04:00,230.86848076037649,231.86622690917008,225.26115227596378,227.05709838867188,64710600
2024-07-12 00:00:00-04:00,228.40404188598967,232.11565870158282,228.1645773343909,230.0203857421875,53046500
2024-07-15 00:00:00-04:00,235.94700263838575,236.69531224247876,232.5646438368613,233.87168884277344,62631300
2024-07-16 00:00:00-04:00,234.4703432233226,235.73748508570134,231.80636285277686,234.29075622558594,43234300
2024-07-17 00:00:00-04:00,228.9328431112231,230.93832254659503,226.12917896312734,228.3641357421875,57345900
2024-07-18 00:00:00-04:00,229.76097042757166,229.92061345724463,221.7690296564846,223.67471313476562,66034600
2024-07-19 00:00:00-04:00,224.31328836166992,226.28882140195597,222.77675082247163,223.80442810058594,49151500
2024-07-22 00:00:00-04:00,226.4983442399413,227.26661302541467,222.58718122432802,223.45523071289062,48201800
2024-07-23 00:00:00-04:00,223.86429647317826,226.42851135969482,222.1781030613285,224.5028533935547,39960300
2024-07-24 00:00:00-04:00,223.4951246791964,224.29332459793014,216.64061389677994,218.04742431640625,61777600
2024-07-25 00:00:00-04:00,218.4365585703147,220.35224458682225,214.13627507494223,216.99981689453125,51391200
2024-07-26 00:00:00-04:00,218.20707238174316,218.99530033853074,215.52313289555326,217.46875,41601300
2024-07-29 00:00:00-04:00,216.47100932714253,218.80573164190093,215.26372979848315,217.7481231689453,36311800
2024-07-30 00:00:00-04:00,218.6959746261333,219.8334045947242,215.63288672795753,218.30685424804688,41643800
2024-07-31 00:00:00-04:00,220.94091084366266,223.3155515626994,220.13273889458495,221.5794677734375,50036300
2024-08-01 00:00:00-04:00,223.86429233538576,223.9740450176905,216.53086747941563,217.8678436279297,62501000
2024-08-02 00:00:00-04:00,218.65604975341137,225.0915242198944,217.21930817086155,219.3644561767578,105568600
2024-08-05 00:00:00-04:00,198.64127617987643,213.0188017705649,195.55824424838744,208.79833984375,119548600
2024-08-06 00:00:00-04:00,204.83728149035767,209.51671322927783,200.6168196653937,206.76292419433594,69660500
2024-08-07 00:00:00-04:00,206.43367474426563,213.15848935419993,205.9248296826355,209.34710693359375,63516400
2024-08-08 00:00:00-04:00,212.6296774525561,213.71721707569145,208.35932525259923,212.8292236328125,47161100
2024-08-09 00:00:00-04:00,211.62197118803232,216.29141600978787,211.4922593126285,215.7526397705078,42201600
2024-08-12 00:00:00-04:00,215.83255236617862,219.26875909808805,215.36306766380915,217.2909393310547,38028100
2024-08-13 00:00:00-04:00,218.76929897291208,221.646138683676,218.76929897291208,221.02682495117188,44155300
2024-08-14 00:00:00-04:00,220.3276035510778,222.7848915052682,219.45854930599305,221.47633361816406,41960600
2024-08-15 00:00:00-04:00,224.35317447515422,225.10235023777113,222.5151850202656,224.47303771972656,46414000
2024-08-16 00:00:00-04:00,223.67391069385005,226.5807162697698,223.40420315535758,225.80157470703125,44340200
2024-08-19 00:00:00-04:00,225.4719428035102,225.74165035068273,222.79488010428776,225.64175415039062,40687800
2024-08-20 00:00:00-04:00,225.52188562847152,226.92034094772856,225.20222998863,226.2610626220703,30299000
2024-08-21 00:00:00-04:00,226.2710625686077,227.7294495174454,224.80267685471037,226.15118408203125,34765500
2024-08-22 00:00:00-04:00,227.53966079897057,228.08905941841815,223.65393636981634,224.2832489013672,43695300
2024-08-23 00:00:00-04:00,225.41200238324527,227.96918649391685,224.0834622297127,226.5906982421875,38677300
2024-08-26 00:00:00-04:00,226.5107917661563,227.03022456881217,223.64395069142014,226.93032836914062,30602200
2024-08-27 00:00:00-04:00,225.75162066501636,228.5984945445466,224.64283997153836,227.77938842773438,35934600
2024-08-28 00:00:00-04:00,227.6695099550691,229.6073802985885,225.4319662685897,226.2410888671875,38052200
2024-08-29 00:00:00-04:00,229.8471324488683,232.66402541964027,228.62847197635801,229.53746032714844,51906300
2024-08-30 00:00:00-04:00,229.93703146120657,230.14679214282077,227.23000295250677,228.7483367919922,52990800
2024-09-03 00:00:00-04:00,228.29882348382426,228.74832587928796,220.92692932694945,222.52517700195312,50190600
2024-09-04 00:00:00-04:00,221.4164072047842,221.53627045160738,217.24099295020864,220.6072998046875,43840200
2024-09-05 00:00:00-04:00,221.38642912323468,225.23218875186365,221.2765494057299,222.13560485839844,36615400
2024-09-06 00:00:00-04:00,223.7038813850335,224.99247224215048,219.5284824188554,220.57733154296875,48423000
2024-09-09 00:00:00-04:00,220.57732363843863,221.0268260349447,216.47183996524672,220.66722106933594,67180000
2024-09-10 00:00:00-04:00,218.67940838073807,221.23659254048482,216.49181271910507,219.86810302734375,51591000
2024-09-11 00:00:00-04:00,221.21662032032157,222.84481857216005,217.65053646391294,222.41529846191406,44587100
2024-09-12 00:00:00-04:00,222.25546946786713,223.30431855196207,219.57842214055833,222.52517700195312,37498200
2024-09-13 00:00:00-04:00,223.33429284055268,223.7937787761964,221.66612995902517,222.25547790527344,36766600
2024-09-16 00:00:00-04:00,216.302019591785,216.98128020943747,213.6849038037586,216.082275390625,59357400
2024-09-17 00:00:00-04:00,215.51289221314667,216.6616222741377,214.26426595466958,216.55174255371094,45519300
2024-09-18 00:00:00-04:00,217.31091546092293,222.46524827574677,217.30091669603667,220.4474639892578,59894900
2024-09-19 00:00:00-04:00,224.74274368478322,229.56743739121873,224.38313871157,228.61846923828125,66781300
2024-09-20 00:00:00-04:00,229.7172625160979,232.83382873595048,227.36983908638868,227.94920349121094,318679900
2024-09-23 00:00:00-04:00,227.09015412184934,229.19783588273827,225.56183678133013,226.2211151123047,54146000
2024-09-24 00:00:00-04:00,228.39870925768025,229.09795215651428,225.48192014495527,227.1201171875,43556100
2024-09-25 00:00:00-04:00,224.6827959331431,227.04020291666632,223.77380760174057,226.1212158203125,42308700
2024-09-26 00:00:00-04:00,227.05019905798116,228.24887720276465,225.16227678839184,227.26995849609375,36636700
2024-09-27 00:00:00-04:00,228.20893469195548,229.26776733886913,227.05020584581527,227.53965759277344,34026000
2024-09-30 00:00:00-04:00,229.78718847660608,232.7439422607422,229.39761768078608,232.7439422607422,54541900
2024-10-01 00:00:00-04:00,229.2677705196639,229.3976172900359,223.49412373913023,225.96141052246094,63285000
2024-10-02 00:00:00-04:00,225.64175566026316,227.12012493395358,222.77491454853467,226.53077697753906,32880600
2024-10-03 00:00:00-04:00,224.8925655126969,226.56072831643584,223.0745736591087,225.42198181152344,34044200
2024-10-04 00:00:00-04:00,227.6495326914976,227.74942888869526,223.88368688105714,226.55075073242188,37245100
2024-10-07 00:00:00-04:00,224.25327473060864,225.44196936055414,221.08676038639473,221.4463653564453,39505400
2024-10-08 00:00:00-04:00,224.05349542674807,225.73164177618557,223.0046463373399,225.52188110351562,31855700
2024-10-09 00:00:00-04:00,224.9824739985636,229.49751090746852,224.58291968465133,229.28773498535156,33591100
2024-10-10 00:00:00-04:00,227.5296744960524,229.24778548023318,226.9203442604764,228.7882843017578,28183500
2024-10-11 00:00:00-04:00,229.04800351672907,229.15788323697032,227.09015084025384,227.2999267578125,31759200
2024-10-14 00:00:00-04:00,228.44865815944695,231.47532700331138,228.34877720356226,231.04580688476562,39882100
2024-10-15 00:00:00-04:00,233.3532605949055,237.22900130875718,232.11461788171079,233.59300231933594,64751400
2024-10-16 00:00:00-04:00,231.34547369396782,231.86489123072647,229.5873982094942,231.5252685546875,34082200
2024-10-17 00:00:00-04:00,233.17345903647427,233.59301088010824,230.26666863657624,231.89486694335938,32993800
2024-10-18 00:00:00-04:00,235.9204255737285,235.9204255737285,233.75281228137578,234.74172973632812,46431500
2024-10-21 00:00:00-04:00,234.19234018879644,236.5897117727769,234.19234018879644,236.22010803222656,36254500
2024-10-22 00:00:00-04:00,233.6329632952546,235.96040454410334,232.3443876620224,235.60079956054688,38846600
2024-10-23 00:00:00-04:00,233.822752128634,234.88158476901867,227.50969037853835,230.5063934326172,52287000
2024-10-24 00:00:00-04:00,229.7272566761152,230.56634513279107,228.15898997077215,230.31661987304688,31109500
2024-10-25 00:00:00-04:00,229.4875225740561,232.96369380669327,229.3177112321018,231.1556854248047,38802300
2024-10-28 00:00:00-04:00,233.06359498314518,234.472033847566,232.29443692443334,233.14349365234375,36087100
2024-10-29 00:00:00-04:00,232.84382710997653,234.07247106119948,232.06468555632105,233.41319274902344,35417200
2024-10-30 00:00:00-04:00,232.35435817157438,233.21341362628857,229.29772360355057,229.8471221923828,47070900
2024-10-31 00:00:00-04:00,229.08795100904055,229.57741798472995,225.1223128313268,225.66172790527344,64370100
2024-11-01 00:00:00-04:00,220.72715344034327,225.10234466312102,220.02792579428782,222.66502380371094,65276700
2024-11-04 00:00:00-05:00,220.74713841963055,222.54514803369162,219.46854635353304,221.76600646972656,44944500
2024-11-05 00:00:00-05:00,221.5562414690178,223.70387248945224,220.896963160989,223.2044219970703,28111300
2024-11-06 00:00:00-05:00,222.36535526416637,225.82155947797517,220.94691765378838,222.47523498535156,54561100
2024-11-07 00:00:00-05:00,224.38313701629485,227.629565273657,224.32320539488208,227.22999572753906,42137700
2024-11-08 00:00:00-05:00,227.1699981689453,228.66000366210938,226.41000366210938,226.9600067138672,38328800
2024-11-11 00:00:00-05:00,225.0,225.6999969482422,221.5,224.22999572753906,42005600
2024-11-12 00:00:00-05:00,224.5500030517578,225.58999633789062,223.36000061035156,224.22999572753906,40398300
2024-11-13 00:00:00-05:00,224.00999450683594,226.64999389648438,222.75999450683594,225.1199951171875,48566200
2024-11-14 00:00:00-05:00,225.02000427246094,228.8699951171875,225.0,228.22000122070312,44923900
2024-11-15 00:00:00-05:00,226.39999389648438,226.9199981689453,224.27000427246094,225.0,47923700
2024-11-18 00:00:00-05:00,225.25,229.74000549316406,225.1699981689453,228.02000427246094,44686000
2024-11-19 00:00:00-05:00,226.97999572753906,230.16000366210938,226.66000366210938,228.27999877929688,36211800
2024-11-20 00:00:00-05:00,228.05999755859375,229.92999267578125,225.88999938964844,229.0,35169600
2024-11-21 00:00:00-05:00,228.8800048828125,230.16000366210938,225.7100067138672,228.52000427246094,42108300
2024-11-22 00:00:00-05:00,228.05999755859375,230.72000122070312,228.05999755859375,229.8699951171875,38168300
2024-11-25 00:00:00-05:00,231.4600067138672,233.25,229.74000549316406,232.8699951171875,90152800
2024-11-26 00:00:00-05:00,233.3300018310547,235.57000732421875,233.3300018310547,235.05999755859375,45986200
2024-11-27 00:00:00-05:00,234.47000122070312,235.69000244140625,233.80999755859375,234.92999267578125,33498400
2024-11-29 00:00:00-05:00,234.80999755859375,237.80999755859375,233.97000122070312,237.3300018310547,28481400
2024-12-02 00:00:00-05:00,237.27000427246094,240.7899932861328,237.16000366210938,239.58999633789062,48137100
2024-12-03 00:00:00-05:00,239.80999755859375,242.75999450683594,238.89999389648438,242.64999389648438,38861000
2024-12-04 00:00:00-05:00,242.8699951171875,244.11000061035156,241.25,243.00999450683594,44383900
2024-12-05 00:00:00-05:00,243.99000549316406,244.5399932861328,242.1300048828125,243.0399932861328,40033900
2024-12-06 00:00:00-05:00,242.91000366210938,244.6300048828125,242.0800018310547,242.83999633789062,36870600
2024-12-09 00:00:00-05:00,241.8300018310547,247.24000549316406,241.75,246.75,44649200
2024-12-10 00:00:00-05:00,246.88999938964844,248.2100067138672,245.33999633789062,247.77000427246094,36914800
2024-12-11 00:00:00-05:00,247.9600067138672,250.8000030517578,246.25999450683594,246.49000549316406,45205800
2024-12-12 00:00:00-05:00,246.88999938964844,248.74000549316406,245.67999267578125,247.9600067138672,32777500
2024-12-13 00:00:00-05:00,247.82000732421875,249.2899932861328,246.24000549316406,248.1300048828125,33155300
2024-12-16 00:00:00-05:00,247.99000549316406,251.3800048828125,247.64999389648438,251.0399932861328,51694800
2024-12-17 00:00:00-05:00,250.0800018310547,253.8300018310547,249.77999877929688,253.47999572753906,51356400
2024-12-18 00:00:00-05:00,252.16000366210938,254.27999877929688,247.74000549316406,248.0500030517578,56774100
2024-12-19 00:00:00-05:00,247.5,252.0,247.08999633789062,249.7899932861328,60882300
2024-12-20 00:00:00-05:00,248.0399932861328,255.0,245.69000244140625,254.49000549316406,147495300
2024-12-23 00:00:00-05:00,254.77000427246094,255.64999389648438,253.4499969482422,255.27000427246094,40858800
2024-12-24 00:00:00-05:00,255.49000549316406,258.2099914550781,255.2899932861328,258.20001220703125,23234700
2024-12-26 00:00:00-05:00,258.19000244140625,260.1000061035156,257.6300048828125,259.0199890136719,27237100
2024-12-27 00:00:00-05:00,257.8299865722656,258.70001220703125,253.05999755859375,255.58999633789062,42355300
2024-12-30 00:00:00-05:00,252.22999572753906,253.5,250.75,252.1999969482422,35557500
2024-12-31 00:00:00-05:00,252.44000244140625,253.27999877929688,249.42999267578125,250.4199981689453,39480700
2025-01-02 00:00:00-05:00,248.92999267578125,249.10000610351562,241.82000732421875,243.85000610351562,55740700
2025-01-03 00:00:00-05:00,243.36000061035156,244.17999267578125,241.88999938964844,243.36000061035156,40244100
2025-01-06 00:00:00-05:00,244.30999755859375,247.3300018310547,243.1999969482422,245.0,45045600
2025-01-07 00:00:00-05:00,242.97999572753906,245.5500030517578,241.35000610351562,242.2100067138672,40856000
2025-01-08 00:00:00-05:00,241.9199981689453,243.7100067138672,240.0500030517578,242.6999969482422,37628900
2025-01-10 00:00:00-05:00,240.00999450683594,240.16000366210938,233.0,236.85000610351562,61710900
2025-01-13 00:00:00-05:00,233.52999877929688,234.6699981689453,229.72000122070312,234.39999389648438,49630700
2025-01-14 00:00:00-05:00,234.75,236.1199951171875,232.47000122070312,233.27999877929688,39435300
2025-01-15 00:00:00-05:00,234.63999938964844,238.9600067138672,234.42999267578125,237.8699951171875,39832000
2025-01-16 00:00:00-05:00,237.35000610351562,238.00999450683594,228.02999877929688,228.25999450683594,71759100
2025-01-17 00:00:00-05:00,232.1199951171875,232.2899932861328,228.47999572753906,229.97999572753906,68488300
2025-01-21 00:00:00-05:00,224.0,224.4199981689453,219.3800048828125,222.63999938964844,98070400
2025-01-22 00:00:00-05:00,219.7899932861328,224.1199951171875,219.7899932861328,223.8300018310547,64126500
2025-01-23 00:00:00-05:00,224.74000549316406,227.02999877929688,222.3000030517578,223.66000366210938,60234800
2025-01-24 00:00:00-05:00,224.77999877929688,225.6300048828125,221.41000366210938,222.77999877929688,54697900
